"No. of Objects (times, accuracies) / Technique",Hough,HSV,Template (Raw),Template (Averaged),Scaled-YOLOv4
5.0,2.578742504119873,7.82864809036255,33.31545114517212,33.339388370513916,21.558587551116943
50.0,3.97793451944987,8.786702156066895,35.06194750467937,35.95332304636637,22.814102967580162
500.0,11.50907278060913,13.590484857559204,51.927900314331055,67.92750954627991,32.03725814819336
5.0,0.7541649595541492,0.8590289969217167,0.9090909090909092,0.8370853433770107,0.9090909090909092
50.0,0.62068018596365,0.8373673036093419,0.8181818181818182,0.7433692994988029,0.9090909090909092
500.0,0.7922686773293922,0.8152697687175211,0.8181818181818182,0.8825015383720759,0.9090909090909092
